{"silhouette_score": 0.2928, "inertia": 3143.33, "features": ["Recency", "Frequency", "Monetary_Log", "Avg_Items", "Unique_Products", "Wishlist_Count", "Add_to_Cart_Count", "Page_Views"], "feature_readable": ["Recency", "Frequency", "Monetary (Log)", "Avg Items", "Unique Prod", "Wishlist", "Add Cart", "Views"], "cluster_names": ["Newbie", "Window Shopper", "Loyalist", "Sultan"], "centroids_scaled": [[1.5451309223763228, -0.9916710942670238, -1.2388462879981068, 0.006432797797138755, -0.7304303855704704, -0.029578597173188358, -0.9799236629957462, -1.2016741321662763], [-0.1656207159496499, -0.7421177344909248, -0.5347899951839241, 0.07367697743656285, -0.527669129683872, -0.014474632659219834, -0.7432486128313098, 1.2000241333578843], [-0.689319464904621, 0.5736191424625777, 0.8669017274467344, -0.08330927991583423, 0.019584894034500894, -0.029807445120369685, 0.5662079315398453, 0.0027946949514039915], [-0.6906007540479021, 1.4361934716284508, 0.9254794161063848, 0.04390952096352848, 1.8121286104835304, 0.12264567263425877, 1.4349673620506755, -0.002998527246266541]], "centroids_real": [{"Recency": 58.47599999999999, "Frequency": 1.968000000000007, "Avg_Items": 3.0616, "Unique_Products": 1.4479999999999968, "Wishlist_Count": 4.928, "Add_to_Cart_Count": 4.647999999999987, "Page_Views": 5.29999999999999, "Monetary": 27.10194708801292}, {"Recency": 18.016000000000002, "Frequency": 5.668000000000001, "Avg_Items": 3.14, "Unique_Products": 3.352000000000001, "Wishlist_Count": 4.976, "Add_to_Cart_Count": 8.159999999999998, "Page_Views": 101.368, "Monetary": 119.60150969267795}, {"Recency": 5.630303030303029, "Frequency": 25.175757575757576, "Avg_Items": 2.956969696969697, "Unique_Products": 8.49090909090909, "Wishlist_Count": 4.927272727272728, "Add_to_Cart_Count": 27.590909090909093, "Page_Views": 53.47878787878788, "Monetary": 2190.8764260960797}, {"Recency": 5.599999999999998, "Frequency": 37.96470588235294, "Avg_Items": 3.105294117647059, "Unique_Products": 25.323529411764703, "Wishlist_Count": 5.411764705882353, "Add_to_Cart_Count": 40.48235294117647, "Page_Views": 53.247058823529414, "Monetary": 2473.2861773751497}], "cluster_counts": {"0": 250, "1": 250, "2": 330, "3": 170}}